"","estimate","se","lcl","ucl","SampleDays","markedIndividuals","recapturedIndividuals","phi.Female","phi.Male","p.Female","p.Male","year"
"1",416.73526392054,59.0531735244357,316.330969888201,549.702683329925,11,179,19,0.9240982,0.9240982,0.0716078636363636,0.126134,1999
